Blackbean Brownies, Delicious Blackbean Cake,,,false
Zucchini Bread, The Best Classic Zucchini Bread,,,false
Chicken Parm, Delicious Baked Chicken Parmesan,,,false
Shrimp Tacos, Easy Shrimp Tacos,,,false
Baked Tilapia, Baked Lemon Butter Tilapia,,,false
Strawberry jam,James Martin's step-by-step guide to making homemade preserve - the resulting jars are ideal for gift hampers...,,,false
Strawberry Pavlova,"When you find a punnet of perfectly ripe strawberries, showcase them in this irresistible summer dessert",,,false
Fish tacos,"Serve lemon sole goujons in Mexican-style soft corn tortillas with red onion, cabbage and coriander salad and chipotle mayo",,,false
Strawberry jam,James Martin's step-by-step guide to making homemade preserve - the resulting jars are ideal for gift hampers...,,,false
Chocolate brownie cake,"Get kids cooking at the weekend by baking this yummy brownie cake, much better than shop bought",,,false
Tex-Mex beef tacos,"For a relaxed, pick-and-mix supper combine this easy beef taco recipe with your favourite salsas, sides and toppings. Our tex-mix tacos are a crowd-pleaser",25 mins, Easy,false
Best ever chocolate brownies recipe,A foolproof brownie recipe for a squidgy chocolate bake. Watch our recipe video to help you get a perfect traybake every time.,1 hour, More effort,false
Lemon drizzle cake,"It's difficult not to demolish this classic by Tana Ramsay in just one sitting, so why not make two at once?...",1 hour, Easy,true
